{
  "auc_roc": 0.9995306486435745,
  "precision": 0.9905660377358491,
  "recall": 0.9905660377358491,
  "f1": 0.9905660377358491,
  "train_size": 1226,
  "test_size": 307,
  "n_features": 23,
  "positive_rate": 0.3457273320287019,
  "feature_importance": {
    "temporal_spread": 0.5029793381690979,
    "main_road_parking_ratio": 0.09236311912536621,
    "peak_hour_ratio": 0.07442433387041092,
    "violation_density_rank": 0.07438214868307114,
    "violation_count": 0.0522964708507061,
    "log_violation_count": 0.03949052095413208,
    "nearest_mall_dist": 0.03629431873559952,
    "nearest_metro_dist": 0.02967807836830616,
    "double_parking_ratio": 0.015597924590110779,
    "nearest_market_dist": 0.014533916488289833,
    "road_crossing_ratio": 0.012877950444817543,
    "nearest_bus_stand_dist": 0.011749593541026115,
    "vehicle_diversity": 0.007864183746278286,
    "no_parking_ratio": 0.007476089056581259,
    "wrong_parking_ratio": 0.006206071469932795,
    "repeat_offender_ratio": 0.005304465536028147,
    "footpath_parking_ratio": 0.005068404600024223,
    "weekend_ratio": 0.003718572435900569,
    "junction_violation_ratio": 0.00316588394343853,
    "nearest_hospital_dist": 0.003089274512603879,
    "poi_count_1km": 0.0014393948949873447,
    "avg_response_time": 0.0,
    "poi_count_500m": 0.0
  }
}